BASKET_ID,words
28391435623,['COUPONS/STORE & MFG']
28417771667,['PREP FD: SIDE DISHES (HOT)']
28417771881,['COUPONS/STORE & MFG']
28512101275,['PREP FD: SIDE DISHES (HOT)']
28512103243,['SOFT DRINKS 12/18&15PK CAN CAR']
28536692072,['LUNCH COMBO']
28536693208,['COUPONS/STORE & MFG']
28536693281,['GASOLINE-REG UNLEADED']
28536693751,['PIES: CREAM/MERINGUE']
28536693754,"['SPICES & SEASONINGS', 'STICKS/ENROBED', 'SOFT DRINK BOTTLE NON-CARB (EX', 'CHICKEN BREAST BONELESS', 'DAIRY CASE 100% PURE JUICE OTH']"
28537275779,['PREP FD: SIDE DISHES (HOT)']
28537277902,['SOFT DRINKS 12/18&15PK CAN CAR']
28537865766,['NON-CRBNTD DRNKING/MNERAL WATE']
28537866082,['CANDY BARS (SINGLES)(INCLUDING']
28537868246,"['TEA CAN WITH SWEETENER/SUGAR', 'SOFT DRINKS 12/18&15PK CAN CAR', 'SOFT DRINKS 12/18&15PK CAN CAR']"
28537868296,"['CAN DOG FOOD RATION (TRIX/VETS', 'PREMIUM - MEAT', 'DRY DOG VALUE (PET PRIDE/KLR/G']"
28571751927,"['NON-CRBNTD DRNKING/MNERAL WATE', 'CANDY BOXED CHOCOLATES W/FLOUR']"
28600866891,"['CANDY BARS (SINGLES)(INCLUDING', 'CANDY BARS (SINGLES)(INCLUDING']"
28628970859,['SOFT DRINKS 12/18&15PK CAN CAR']
28628973177,"['FLUID MILK WHITE ONLY', 'SOFT DRINKS 6PK/4PK CAN CARB (', 'SFT DRNK MLT-PK BTL CARB (EXCP', 'MAINSTREAM WHITE BREAD', 'ALL FAMILY CEREAL']"
28628973186,"['POTATO CHIPS', 'MAINSTREAM WHITE BREAD', 'MEAT: LUNCHMEAT BULK', 'SEMI-SOLID SALAD DRESSING MAY', 'SALADS', 'IWS SINGLE CHEESE', 'COTTAGE CHEESE']"
28628973585,['NON-CRBNTD DRNKING/MNERAL WATE']
28648086178,['COUPONS/STORE & MFG']
28648086181,['COUPONS/STORE & MFG']
28648086312,['COUPONS/STORE & MFG']
28648086653,['COUPONS/STORE & MFG']
28648087322,"['SFT DRNK SNGL SRV BTL CARB (EX', 'SFT DRNK SNGL SRV BTL CARB (EX', ' ', 'SFT DRNK SNGL SRV BTL CARB (EX']"
28697967321,"['PREP FD: SIDE DISHES (HOT)', 'MEAT: TURKEY BULK']"
28697967526,['GASOLINE-REG UNLEADED']
28697967724,['NON-CRBNTD DRNKING/MNERAL WATE']
28789055665,['COUPONS/STORE & MFG']
28789056988,['PREP FD: SIDE DISHES (HOT)']
28789645538,"['SOFT DRINKS 20PK&24PK CAN CARB', 'MAINSTREAM WHITE BREAD', 'LEAN', 'EGGS - X-LARGE', 'HAM - STEAKS/SLICES/CUBES', 'REFRIGERATED BISCUITS REGULAR', 'OTHER', 'SOFT DRINKS 20PK&24PK CAN CARB']"
28789648459,['COUPONS/STORE & MFG']
28840647814,"['LOAVE', 'LEAN', 'SANDWICH SAUCE', 'SNACK CAKE - MULTI PACK', 'DRY DOG ECONOMY (COST CUTTER/F', 'SNACK CAKE - MULTI PACK', 'HAMBURGER BUNS']"
28840647916,['COUPONS/STORE & MFG']
28919076118,['COUPONS/STORE & MFG']
28919078512,"['SOFT DRINKS 12/18&15PK CAN CAR', 'GASOLINE-REG UNLEADED', 'SOFT DRINKS 12/18&15PK CAN CAR']"
28919078517,['GASOLINE-REG UNLEADED']
28919665388,['PREP FD: SIDE DISHES (HOT)']
28940955821,"['HAMBURGER BUNS', 'MAINSTREAM WHITE BREAD', 'VEGETABLE SALADS - PREPACK', 'PREP FD: ENTREES (COLD)', 'CHEESE: NATURAL BULK', 'MEAT: LUNCHMEAT BULK', 'BANANAS']"
29034547740,['GASOLINE-REG UNLEADED']
29035113212,['CANDY BARS (SINGLES)(INCLUDING']
29035113290,"['CIGARETTES', 'CANDY BARS (SINGLES)(INCLUDING']"
29035697592,['CANDY BARS (SINGLES)(INCLUDING']
29035698025,['CANDY BARS (SINGLES)(INCLUDING']
29035698183,"['CANDY BARS (SINGLES)(INCLUDING', 'SGL SV/VEND MACH SNACKS CHIP/P']"
29035698400,['CANDY BARS (SINGLES)(INCLUDING']
29094515758,['PREP FD: SIDE DISHES (HOT)']
29114798704,"['CARPET CLEANERS', 'CARPET CLEANERS']"
29114798708,"['MEAT:HAM BULK', 'MAINSTREAM WHITE BREAD']"
29125012206,['COUPONS/STORE & MFG']
29141691864,['SGL SV/VEND MACH SNACKS CHIP/P']
29170530766,['PREP FD: SIDE DISHES (HOT)']
29170531088,"['SOFT DRINKS 12/18&15PK CAN CAR', 'MEAT: LUNCHMEAT BULK', 'SOFT DRINKS 12/18&15PK CAN CAR', 'PEARS', 'FLUID MILK WHITE ONLY', 'MEAT:HAM BULK', 'COTTAGE CHEESE', 'SOFT DRINKS 12/18&15PK CAN CAR', 'FLUID MILK WHITE ONLY', 'MAINSTREAM WHITE BREAD']"
29170533094,['COUPONS/STORE & MFG']
29170533146,['COUPONS/STORE & MFG']
29170533282,"['BABY DIAPERS', 'SFT DRNK SNGL SRV BTL CARB (EX']"
29182987499,['CANDY BARS (SINGLES)(INCLUDING']
29182988161,['CANDY BARS (SINGLES)(INCLUDING']
29182988655,['COUPONS/STORE & MFG']
29194705852,['CANDY BARS (SINGLES)(INCLUDING']
29194707757,['CANDY BARS (SINGLES)(INCLUDING']
29238453053,['COUPONS/STORE & MFG']
29250805672,['COUPONS/STORE & MFG']
29273117472,['CANDY BARS (SINGLES)(INCLUDING']
29273117878,['CANDY BARS (SINGLES)(INCLUDING']
29276610990,['PREP FD: SIDE DISHES (HOT)']
29276612338,['CANDY BARS (SINGLES)(INCLUDING']
29276612380,['COUPONS/STORE & MFG']
29311702184,['COUPONS/STORE & MFG']
29339481135,"['NON-CRBNTD DRNKING/MNERAL WATE', 'CIGARETTES', 'CIGARETTES']"
29352681778,"['CIGARETTES', 'CANDY BARS (SINGLES)(INCLUDING']"
29352681826,['PREP FD: SIDE DISHES (HOT)']
29352682360,"['SOFT DRINKS 20PK&24PK CAN CARB', 'CAN DOG FOOD (SKIPPY/PEDIGREE/', 'CAN DOG FOOD (SKIPPY/PEDIGREE/', 'SFT DRNK SNGL SRV BTL CARB (EX', 'FLUID MILK WHITE ONLY', 'SOFT DRINKS 20PK&24PK CAN CARB', 'CAN DOG FOOD (SKIPPY/PEDIGREE/', 'SFT DRNK SNGL SRV BTL CARB (EX', 'CAN DOG FOOD (SKIPPY/PEDIGREE/', 'LIQUID DISH DETERGENT', 'CORN CHIPS', 'CAN DOG FOOD (SKIPPY/PEDIGREE/', 'COTTAGE CHEESE', 'CHOCOLATE MILK', 'ANT AND ROACH', 'BANANAS']"
29352683622,['SGL SV/VEND MACH SNACKS CHIP/P']
29391901572,['PREP FD: SIDE DISHES (HOT)']
29391901938,['GASOLINE-REG UNLEADED']
29391902346,['COUPONS/STORE & MFG']
29391903397,['SFT DRNK SNGL SRV BTL CARB (EX']
29470961356,['SNACK NUT(BAG)']
29470961390,['PREP FD: SIDE DISHES (HOT)']
29507671295,"['MARGARINE: TUBS AND BOWLS', 'NOVELTIES', 'NOVELTIES', 'DAIRY CASE JUICE DRNK UNDER 10', 'EGGS - LARGE', 'CHEESE: NATURAL BULK', 'POTATOES RUSSET (BULK&BAG)', 'NOVELTIES', 'FLUID MILK WHITE ONLY', 'SFT DRNK SNGL SRV BTL CARB (EX', 'CARROTS MINI PEELED', 'DAIRY CASE 100% PURE JUICE - O', 'CHIX: ROTISSERIE (HOT)', 'SNACK CAKE - SINGLE SERVE', 'CHICKEN DRUMS', 'MARSHMALLOWS', 'SOFT DRINKS CAN NON-CARB (EXCE', 'MEAT: TURKEY BULK', 'SFT DRNK SNGL SRV BTL CARB (EX', 'KIDS CEREAL', 'MAINSTREAM WHITE BREAD', 'LEAN', 'SFT DRNK SNGL SRV BTL CARB (EX', 'CHOCOLATE MILK']"
29507671298,"['MARGARINE: TUBS AND BOWLS', 'FLUID MILK WHITE ONLY', 'MEAT: TURKEY BULK', 'MAINSTREAM WHITE BREAD', 'POTATOES RED (BULK&BAG)']"
29507673436,['GASOLINE-REG UNLEADED']
29577716590,['CANDY BARS (SINGLES)(INCLUDING']
29577716849,"['BAGGED CHEESE SNACKS', 'IWS SINGLE CHEESE', 'CAKES: CREME/PUDDING', 'CANDY BARS (SINGLES)(INCLUDING', 'PIES: FRUIT/NUT', 'CANDY BARS (SINGLES)(INCLUDING', 'NATURAL CHEESE EXACT WT CHUNKS', 'PEPPERS GREEN BELL', 'CHOICE BEEF', 'MAINSTREAM WHITE BREAD', 'BROCCOLI WHOLE&CROWNS', 'RICE SIDE DISH MIXES DRY', 'CAULIFLOWER WHOLE', 'HEAD LETTUCE', 'MARGARINE  STICK']"
29577717412,['GASOLINE-REG UNLEADED']
29577717419,['GASOLINE-REG UNLEADED']
29590397394,['GASOLINE-REG UNLEADED']
29602335560,['GASOLINE-REG UNLEADED']
29602335584,['COUPONS/STORE & MFG']
29602336253,['COUPONS/STORE & MFG']
29602336257,['COUPONS/STORE & MFG']
29602336481,"['CANDY BARS (SINGLES)(INCLUDING', 'CANDY BARS (SINGLES)(INCLUDING']"
29602337294,['GASOLINE-REG UNLEADED']
29671417693,['GASOLINE-REG UNLEADED']
29671995881,"['COTTAGE CHEESE', 'CAN DOG FOOD (SKIPPY/PEDIGREE/', 'BAGGED CHEESE SNACKS', 'SWEET GOODS - FULL SIZE', 'SOFT DRINKS 12/18&15PK CAN CAR', 'MAINSTREAM WHITE BREAD', 'SOFT DRINKS 12/18&15PK CAN CAR', 'MEAT: LUNCHMEAT BULK', 'DRY DOG FOOD PREMIUM (ALPO/PUR', 'CHOCOLATE MILK', 'SWEET GOODS - FULL SIZE', 'CHEESE: NATURAL BULK', 'MEAT:HAM BULK', 'SFT DRNK SNGL SRV BTL CARB (EX']"
29671997065,['COUPONS/STORE & MFG']
29671998214,"['CANDY BARS (SINGLES)(INCLUDING', 'SNACK CAKE - SINGLE SERVE']"
29671998553,"['CANDY BARS (SINGLES)(INCLUDING', 'CIGARETTES']"
29672626397,"['CIGARETTES', 'CIGARETTES', 'SOFT DRINKS 12/18&15PK CAN CAR']"
29672626557,['COUPONS/STORE & MFG']
29738420420,['COUPONS/STORE & MFG']
29738421117,['SNACK NUT(BAG)']
29787579423,['PREP FD: SIDE DISHES (HOT)']
29807713287,['COUPONS/STORE & MFG']
30031846354,"['SKILLET DINNERS', 'TUNA', 'PASTA: CANNED', 'NON-CRBNTD DRNKING/MNERAL WATE', 'SKILLET DINNERS', 'PASTA: CANNED', 'PASTA: CANNED', 'BATH BUBBLES-BATH SOAPS-ADDITI', 'SOFT DRINKS 12/18&15PK CAN CAR', 'SFT DRNK SNGL SRV BTL CARB (EX', 'SFT DRNK SNGL SRV BTL CARB (EX', 'PASTA: CANNED', 'SFT DRNK SNGL SRV BTL CARB (EX', 'PASTA: CANNED', 'APPLES OTHER (BULK&BAG)', 'PASTA: CANNED', 'SOFT DRINKS 12/18&15PK CAN CAR', 'COUGH SYRP/LOZNG-DRP/XPCTRNT', 'SOFT DRINKS 12/18&15PK CAN CAR']"
30031846442,['COUPONS/STORE & MFG']
30031846463,['GASOLINE-REG UNLEADED']
30033018116,['COUPONS/STORE & MFG']
30034151737,['COUPONS/STORE & MFG']
30034151945,['PREP FD: SIDE DISHES (HOT)']
30035971953,['CANDY BARS (SINGLES)(INCLUDING']
30038841302,['PREP FD: SIDE DISHES (HOT)']
30055010409,['COUPONS/STORE & MFG']
30087266919,"['MARGARINE: TUBS AND BOWLS', 'PRIMAL']"
30118062756,"['SOFT DRINKS 12/18&15PK CAN CAR', 'SANDWICH BUNS', 'SOFT DRINKS 12/18&15PK CAN CAR', 'GRAVY CAN/GLASS', 'OTHER - FULLY COOKED', 'CIGARETTES']"
30129863404,"['ALL FAMILY CEREAL', 'CIG LIGHTERS/LTR FLUID/PIPES', 'PAPER LUNCH BAGS']"
30129988814,"['MAINSTREAM WHITE BREAD', 'CAKES: LAYERS', 'SNACK CAKE - SINGLE SERVE', 'CIGARETTES', 'FLUID MILK WHITE ONLY', 'CAKES: NOVELTIES', 'MAINSTREAM WHEAT/MULTIGRAIN BR', 'EGGS - LARGE']"
30190188362,['COUPONS/STORE & MFG']
30190188364,['COUPONS/STORE & MFG']
30202225333,['COUPONS/STORE & MFG']
30202225352,['COUPONS/STORE & MFG']
30202225386,['COUPONS/STORE & MFG']
30202226796,['COUPONS/STORE & MFG']
30202227214,"['SFT DRNK 2 LITER BTL CARB INCL', 'SFT DRNK 2 LITER BTL CARB INCL']"
30202228237,"['CANDY BOXED CHOCOLATES', 'SNACK CAKE - SINGLE SERVE', 'CANDY BOXED CHOCOLATES W/FLOUR']"
30215385274,"['MAINSTREAM WHITE BREAD', 'FLUID MILK WHITE ONLY', 'MEAT: LUNCHMEAT BULK']"
30217086409,['GASOLINE-REG UNLEADED']
30228990400,['COUPONS/STORE & MFG']
30228990852,['PREP FD: SIDE DISHES (HOT)']
30241001835,['PREP FD: SIDE DISHES (HOT)']
30241002118,['COUPONS/STORE & MFG']
30503512098,"['SFT DRNK SNGL SRV BTL CARB (EX', 'MARGARINE: TUBS AND BOWLS', 'STUFFING MIXES', 'POTATO CHIPS', 'SFT DRNK SNGL SRV BTL CARB (EX', 'SEMI-SOLID SALAD DRESSING MAY', 'SOFT DRINKS 6PK/4PK CAN CARB (', 'SNACK CAKE - MULTI PACK', 'SFT DRNK SNGL SRV BTL CARB (EX', 'FLUID MILK WHITE ONLY', 'SALAD MUSTARD']"
30530528141,['COUPONS/STORE & MFG']
30531092103,"['SHREDDED CHEESE', 'SPICES & SEASONINGS']"
30531665025,['COUPONS/STORE & MFG']
30531665956,"['CANDY BARS (SINGLES)(INCLUDING', 'CANDY BARS (SINGLES)(INCLUDING']"
30532235780,"['SANDWICHES/BISCUITS/GRAVY', 'HAM- NET WEIGHT', 'REFRIGERATED BISCUITS REGULAR']"
30578597155,['CORN CHIPS']
30579318086,"['NON DAIRY CREAMER: DRY', 'BOLOGNA', 'POURABLE SALAD DRESSINGS', 'LOAVE', 'FLUID MILK WHITE ONLY']"
30579319319,"['LIPCARE', 'SFT DRNK SNGL SRV BTL CARB (EX', 'SOFT DRINKS 20PK&24PK CAN CARB', 'SOFT DRINKS 12/18&15PK CAN CAR', 'SOFT DRINKS 20PK&24PK CAN CARB', 'SOFT DRINKS 20PK&24PK CAN CARB', 'SFT DRNK SNGL SRV BTL CARB (EX']"
30580298573,['COUPONS/STORE & MFG']
30627020392,['COUPONS/STORE & MFG']
30627020410,['COUPONS/STORE & MFG']
30627023211,"['SPICES & SEASONINGS', 'PUDDINGS DRY', 'SOFT DRINKS 12/18&15PK CAN CAR', 'SMOKED/COOKED', 'BROTH', 'SPICES & SEASONINGS', 'SAUERKRAUT', 'SOFT DRINKS 12/18&15PK CAN CAR', 'SOFT DRINKS 12/18&15PK CAN CAR', 'SPICES & SEASONINGS', 'VANILLA WAFER/KIDS COOKIES']"
30627565605,"['SW GDS:DONUTS', 'CHOCOLATE MILK']"
30627566938,"['SOUPS', 'SALAD BAR FRESH FRUIT']"
30628185682,['COUPONS/STORE & MFG']
30628186265,['PREP FD: SIDE DISHES (HOT)']
30628186750,['COUPONS/STORE & MFG']
30628344597,"['BOLOGNA', 'ECONOMY - MEAT', 'INSTANT COFFEE REGULAR', 'MAINSTREAM WHITE BREAD', 'MAINSTREAM WHEAT/MULTIGRAIN BR', 'BOLOGNA']"
30628344612,['GASOLINE-REG UNLEADED']
30673568751,['COUPONS/STORE & MFG']
30743217918,"['CAN DOG FOOD RATION (TRIX/VETS', 'CAN DOG FOOD RATION (TRIX/VETS', 'DRY DOG ECONOMY (COST CUTTER/F', 'POTATO CHIPS', 'FLUID MILK WHITE ONLY', 'POTATO CHIPS', 'SMALL ANIMAL NEEDS', 'POTATO CHIPS', 'REFRIG DIPS']"
30780521753,"['MEAT:HAM BULK', 'SOFT DRINKS 12/18&15PK CAN CAR', 'PIES: FRUIT/NUT', 'SOFT DRINKS 12/18&15PK CAN CAR']"
30780522829,['SNACK NUT(BAG)']
30792943396,['CANDY BAGS-NON CHOCOLATE']
30883461985,"['SOFT DRINKS 12/18&15PK CAN CAR', 'SEMI-SOLID SALAD DRESSING MAY', 'MAINSTREAM WHITE BREAD', 'SOFT DRINKS 12/18&15PK CAN CAR', 'MEAT: TURKEY BULK']"
30906783041,"['LOAVE', 'POULTRY', 'KIDS CEREAL', 'MARGARINE: TUBS AND BOWLS', 'CONDENSED SOUP', 'CHOICE BEEF', 'CONDENSED SOUP', 'EGGS - X-LARGE', 'RTS SOUP: CHUNKY/HOMESTYLE ET', 'SOFT DRINKS 12/18&15PK CAN CAR', 'FLUID MILK WHITE ONLY', 'BOLOGNA', 'MAINSTREAM WHITE BREAD', 'RTS SOUP: CHUNKY/HOMESTYLE ET', 'SOFT DRINKS 12/18&15PK CAN CAR', 'SOFT DRINKS 20PK&24PK CAN CARB', 'SOUP CRACKERS (SALTINE/OYSTER)', 'NOODLES DRY']"
30907390221,['COUPONS/STORE & MFG']
30907390288,['PREP FD: SIDE DISHES (HOT)']
30907391143,"['PROMOTIONAL', 'BANDANA/SCARVES', 'CARROTS MINI PEELED', 'BANDANA/SCARVES', 'SCHOOL PAPER']"
30930216293,"['FLUID MILK WHITE ONLY', 'SS ECONOMY ENTREES/DINNERS ALL', 'PRESERVES JAM MARMALADE', 'MAINSTREAM WHITE BREAD', 'TRAY PACK/CHOC CHIP COOKIES', 'SS ECONOMY ENTREES/DINNERS ALL', 'SS ECONOMY ENTREES/DINNERS ALL', 'SFT DRNK SNGL SRV BTL CARB (EX', 'SS ECONOMY ENTREES/DINNERS ALL', 'SS ECONOMY ENTREES/DINNERS ALL', 'PEANUT BUTTER', 'SS ECONOMY ENTREES/DINNERS ALL']"
30930216465,['GASOLINE-REG UNLEADED']
30943040556,['COUPONS/STORE & MFG']
30943041624,['CANDY BARS (SINGLES)(INCLUDING']
30954636206,['COUPONS/STORE & MFG']
30954637772,['SNACK NUT(BAG)']
30983746974,"['MAINSTREAM WHITE BREAD', 'MEAT: LUNCHMEAT BULK', 'VEGETABLE SALADS - PREPACK', 'FLUID MILK WHITE ONLY', 'KIDS CEREAL', 'POTATO CHIPS', 'SANDWICH BAGS', 'KIDS CEREAL']"
31007773561,['COUPONS/STORE & MFG']
31007773680,['PREP FD: SIDE DISHES (HOT)']
31007773912,['COUPONS/STORE & MFG']
31007775981,"['SMOKED/COOKED - BEEF', 'BOLOGNA', 'BOLOGNA', 'SAUERKRAUT']"
31019920716,['PREP FD: SIDE DISHES (HOT)']
31032455977,['ENERGY DRINK']
31032457065,"['MARGARINE: TUBS AND BOWLS', 'FRZN MULTI SERVE ENTREES ALL', 'FLUID MILK WHITE ONLY', 'PEANUT BUTTER']"
31032458061,['GASOLINE-REG UNLEADED']
31032458064,['GASOLINE-REG UNLEADED']
31046366695,['COUPONS/STORE & MFG']
31058476914,"['POTATOES: DRY', 'POTATOES RUSSET (BULK&BAG)', 'CELERY', 'PINEAPPLE', 'SHLDR - PICNIC', 'SEMI-SOLID SALAD DRESSING MAY', 'SFT DRNK SNGL SRV BTL CARB (EX', 'SNACK MIX', 'PEPPERS GREEN BELL', 'COTTAGE CHEESE', 'LEAN', 'ONIONS WHITE (BULK&BAG)', 'ORANGES NAVELS ALL']"
31070713415,"['FLUID MILK WHITE ONLY', 'SGL SV/VEND MACH SNACKS CHIP/P', 'VENDOR SIZE/SINGLE SERVE COOKI', 'VENDING SIZE/SNGL SERVE CRACKE', 'VENDOR SIZE/SINGLE SERVE COOKI', 'VENDOR SIZE/SINGLE SERVE COOKI', 'MARGARINE: TUBS AND BOWLS', 'CIGARETTES', 'SGL SV/VEND MACH SNACKS CHIP/P', 'SGL SV/VEND MACH SNACKS CHIP/P']"
31097461835,"['BEANS GREEN: FS/WHL/CUT', 'SMOKED/COOKED - BETTER FOR YOU', 'POTATOES WHITE', 'FRUIT COCKTAIL FRUIT SALAD']"
31097462932,['COUPONS/STORE & MFG']
31097463887,['GASOLINE-REG UNLEADED']
31097464318,['COUPONS/STORE & MFG']
31134673106,"['SGL SV/VEND MACH SNACKS CHIP/P', 'MISC SALES TRANS']"
31160716221,"['CIGARETTES', ' ', 'SINUS AND ALLERGY']"
31160718291,"['SOFT DRINKS 12/18&15PK CAN CAR', 'SOFT DRINKS 12/18&15PK CAN CAR']"
31172675957,['COUPONS/STORE & MFG']
31184621925,['GASOLINE-REG UNLEADED']
31197868691,['SNACK NUT(BAG)']
31197869114,"['SANDWICHES - (COLD)', 'SANDWICHES - (COLD)']"
31198597881,['PREP FD: SIDE DISHES (HOT)']
31268846744,"['COUPONS/STORE & MFG', 'FLUID MILK WHITE ONLY', 'SOFT DRINKS 12/18&15PK CAN CAR', 'CAN DOG FOOD (SKIPPY/PEDIGREE/', 'SMALL ANIMAL NEEDS', 'SEMI-SOLID SALAD DRESSING MAY', 'POTATO CHIPS', 'SOFT DRINKS 12/18&15PK CAN CAR', 'NON-CRBNTD DRNKING/MNERAL WATE', 'SOFT DRINKS 12/18&15PK CAN CAR']"
31280846710,"['CIGARETTES', 'GASOLINE-REG UNLEADED']"
31280972927,"['DOLLAR DAYS', 'CONVENTIONAL LITTER', 'CIGARETTES', 'SMALL ANIMAL NEEDS']"
31355410680,['CIGARETTES']
31355422836,['COUPONS/STORE & MFG']
31412592888,"['SS ECONOMY ENTREES/DINNERS ALL', 'SS ECONOMY ENTREES/DINNERS ALL', 'SS ECONOMY ENTREES/DINNERS ALL', 'DRY DOG ECONOMY (COST CUTTER/F', 'CAN DOG FOOD (SKIPPY/PEDIGREE/', 'SUGAR', 'CHOCOLATE MILK', 'FLUID MILK WHITE ONLY', 'STRAWBERRIES', 'SS ECONOMY ENTREES/DINNERS ALL', 'SS ECONOMY ENTREES/DINNERS ALL', 'TOILET TISSUE', 'LIQUID LAUNDRY DETERGENTS']"
31424227667,"['MAINSTREAM WHITE BREAD', 'SAUERKRAUT', 'PORK-FULLY COOKED', 'FLUID MILK WHITE ONLY', 'TOILET TISSUE', 'SOFT DRINKS 12/18&15PK CAN CAR', 'SOFT DRINKS 12/18&15PK CAN CAR', 'LOAVE', 'SOFT DRINKS 12/18&15PK CAN CAR', 'RIBS - COUNTRY/WESTERN STYLE']"
31467732296,['FLUID MILK WHITE ONLY']
31490521766,"['CHEWING GUM', 'CANDY BARS (SINGLES)(INCLUDING', 'CANDY BOXED CHOCOLATES', 'CANDY BARS (SINGLES)(INCLUDING']"
31490521792,"['GASOLINE-REG UNLEADED', 'CIGARETTES']"
31490653253,"['LIQUID BLEACH', 'POTATOES: DRY']"
31527776191,"['MOTOR/TRANS/MISC OIL', 'GASOLINE-REG UNLEADED']"
31541502369,['SAUERKRAUT']
31625295507,"['SEMI-SOLID SALAD DRESSING MAY', 'KIDS CEREAL', 'APPLES GOLD DELICIOUS (BULK&BA', 'FLUID MILK WHITE ONLY', 'IWS SINGLE CHEESE', 'EGGS - LARGE', 'MAINSTREAM WHITE BREAD', 'PASTA: CANNED', 'SNACK CAKE - MULTI PACK', 'PASTA: CANNED', 'TORTILLA/NACHO CHIPS', 'MEAT:HAM BULK', 'CHOCOLATE MILK', 'SFT DRNK SNGL SRV BTL CARB (EX', 'SOFT DRINKS 20PK&24PK CAN CARB', 'REFRIGERATED BISCUITS REGULAR', 'KIDS CEREAL', 'COTTAGE CHEESE', 'TORTILLA/NACHO CHIPS', 'MEAT: LUNCHMEAT BULK', 'MARGARINE: TUBS AND BOWLS', 'REFRIGERATED BISCUITS REGULAR']"
31625439212,"['SNACK CAKE - MULTI PACK', 'SOFT DRINKS 12/18&15PK CAN CAR', 'MAINSTREAM WHITE BREAD', 'PICKLES', 'SEASONAL MISCELLANEOUS', 'SOFT DRINKS 12/18&15PK CAN CAR', 'CANDY BARS (SINGLES)(INCLUDING', 'GRND/PATTY - FROZEN', 'ECONOMY - MEAT', 'POURABLE SALAD DRESSINGS', 'SEMI-SOLID SALAD DRESSING MAY', 'NOVELTY CANDY']"
31672377529,['ADULT ANALGESICS']
31687205181,"['SW GDS:DONUTS', 'CHOCOLATE MILK']"
31687383096,"['LIQUID LAUNDRY DETERGENTS', 'SS ECONOMY ENTREES/DINNERS ALL', 'SS ECONOMY ENTREES/DINNERS ALL', 'EGGS - LARGE', 'CIGARETTES', 'MAINSTREAM WHITE BREAD', 'BOLOGNA']"
31687383097,['CHIX: ROTISSERIE (HOT)']
31723127877,"['MAINSTREAM WHITE BREAD', 'BAGGED CHEESE SNACKS']"
31735222789,['GASOLINE-REG UNLEADED']
31747732324,"['VALENTINE TRAY PACK CARDS', 'BOLOGNA', 'ASEPTIC PACK JUICE AND DRINKS', 'SOFT DRINKS 12/18&15PK CAN CAR', 'POULTRY', 'SMOKED/COOKED', 'SOFT DRINKS 12/18&15PK CAN CAR', 'MAINSTREAM WHITE BREAD', 'POTATO CHIPS', 'IWS SINGLE CHEESE', 'LOAVE', 'SW GDS: BROWNIE/BAR COOKIE', 'COOKIES: PARTY']"
31747879085,"['ROLLS - PORK', 'SFT DRNK 2 LITER BTL CARB INCL', 'FLUID MILK WHITE ONLY', 'MAINSTREAM WHEAT/MULTIGRAIN BR', 'VENDOR SIZE/SINGLE SERVE COOKI']"
31747879089,['ECONOMY - MEAT']
31769157558,"['SS ECONOMY ENTREES/DINNERS ALL', 'SOFT DRINK POWDER POUCHES', 'APPLES GOLD DELICIOUS (BULK&BA', 'AIR CARE - AEROSOLS', 'ANTIPERSPIRANTS ONLY (ALL OTHE', 'AIR CARE - AEROSOLS', 'AIR CARE - DISINFECTANT SPRAYS', 'SS ECONOMY ENTREES/DINNERS ALL', 'DRY DOG VALUE (PET PRIDE/KLR/G', 'FRZN MULTI SERVE ENTREES ALL', 'CHOCOLATE MILK', 'CAN DOG FOOD (SKIPPY/PEDIGREE/', 'SS ECONOMY ENTREES/DINNERS ALL', 'STICKS/ENROBED', 'SS ECONOMY ENTREES/DINNERS ALL', 'SOFT DRINK POWDER POUCHES', 'FLUID MILK WHITE ONLY', 'CANDY BAGS-NON CHOCOLATE', 'SS ECONOMY ENTREES/DINNERS ALL', 'SS ECONOMY ENTREES/DINNERS ALL', 'SOFT DRINK POWDER POUCHES', 'SOFT DRINK POWDER POUCHES', 'CANDY BAGS-NON CHOCOLATE', 'CORN CHIPS', 'FRZN MULTI SERVE ENTREES ALL', 'SOFT DRINK POWDER POUCHES']"
31769742427,"['CIGARETTES', 'GASOLINE-REG UNLEADED']"
31789188242,"['PIES: TARTS/MINIS/CRSTDAS', 'SANDWICHES/BISCUITS/GRAVY', 'SNACK CAKE - SINGLE SERVE', 'TRADITIONAL', 'CAKES: LAYERS', 'CIGARETTES']"
31883780297,['GASOLINE-REG UNLEADED']
31895793683,"['CHEESE: NATURAL BULK', 'MAINSTREAM WHITE BREAD', 'CHEESE: PROCESSED BULK', 'SNACK CAKE - SINGLE SERVE', 'CANDY BAGS-CHOCOCLATE', 'MEAT: LUNCHMEAT BULK', 'PREPAID WIRELESS CARDS', 'CHEESE: NATURAL BULK', 'MEAT: LUNCHMEAT BULK', 'FIRST AID MEDICATIONS']"
31908373655,"['SALAD BAR FRESH FRUIT', 'CONDIMENTS/SUPPLIES']"
31908373663,"['TRADITIONAL', 'REFRIGERATED BISCUITS REGULAR', 'SNACK CAKE - SINGLE SERVE', 'BANANAS', 'FLUID MILK WHITE ONLY', 'ORANGES NAVELS ALL', 'PIES: FRUIT/NUT', 'MAINSTREAM WHEAT/MULTIGRAIN BR']"
31908373714,"['GASOLINE-REG UNLEADED', 'COUPONS/STORE & MFG']"
31920176159,"['MAINSTREAM WHITE BREAD', 'IWS SINGLE CHEESE', 'MEAT: LUNCHMEAT BULK']"
31920176164,"['CONDIMENTS/SUPPLIES', 'SALAD BAR FRESH FRUIT']"
31920222677,"['SOFT DRINKS 12/18&15PK CAN CAR', 'SOFT DRINKS 12/18&15PK CAN CAR', 'FRZN TATER TOTS/OTHER EXTRUDED', 'SANDWICHES/BISCUITS/GRAVY', 'CONES', 'POTATO CHIPS', 'POTATO CHIPS']"
31944540414,"['LUNCH COMBO', 'PORK-FULLY COOKED', 'REFRIGERATED BISCUITS REGULAR', 'DAIRY CASE 100% PURE JUICE - O', 'EGGS - X-LARGE', 'LINKS - RAW', 'SHREDDED CHEESE', 'PEPPERS RED BELL']"
31944669227,"['CIGARETTES', 'SNACK CAKE - SINGLE SERVE', 'ORANGES NAVELS ALL']"
31969240085,"['SFT DRNK SNGL SRV BTL CARB (EX', 'SW GDS:DONUTS']"
31969367535,"['SOUR CREAMS', 'FROSTING', 'SNACK CAKE - MULTI PACK', 'WHOLE CHICKEN (ROASTERS/FRYER)', 'EGGS - LARGE', 'BOLOGNA', 'MAINSTREAM WHEAT/MULTIGRAIN BR', 'SOFT DRINKS 12/18&15PK CAN CAR', 'SOFT DRINKS 12/18&15PK CAN CAR', 'DAIRY CASE JUICE DRNK UNDER 10', 'SFT DRNK 2 LITER BTL CARB INCL', 'PASTA/GRAIN SALADS - PREPACK', 'FLUID MILK WHITE ONLY', 'REFRIGERATED BISCUITS REGULAR', 'LAYER CAKE MIX', 'CANISTER POTATO/TORT CHIPS']"
31969367954,"['TRADITIONAL', 'CORN']"
31969367959,"['SALAD BAR FRESH FRUIT', 'SOUPS']"
31969368752,['TOOL SETS']
31981172082,"['SS ECONOMY ENTREES/DINNERS ALL', 'CIGARETTES']"
31981216925,['GASOLINE-REG UNLEADED']
31981343168,"['VENDOR SIZE/SINGLE SERVE COOKI', 'WHOLE CHICKEN (ROASTERS/FRYER)', 'ORANGES NAVELS ALL', 'APPLES GOLD DELICIOUS (BULK&BA', 'BOLOGNA', 'SGL SV/VEND MACH SNACKS CHIP/P']"
31993120721,['CHIX:FRD 8PC/CUT UP (HOT)']
31993120754,['VEGETABLE SALADS - PREPACK']
31993521416,"['LUNCH COMBO', 'SOFT DRINKS 20PK&24PK CAN CARB', 'WHOLE CHICKEN (ROASTERS/FRYER)', 'SALAD BAR FRESH FRUIT', 'VALENTINE GIFTWARE/DECOR', 'LUNCH COMBO', 'SOFT DRINKS 20PK&24PK CAN CARB', 'SEASONAL CANDY BOX-CHOCOLATE']"
32006110697,"['PREP FD: SIDE DISHES (HOT)', 'CHIX:FRD 8PC/CUT UP (HOT)']"
32006156687,['GASOLINE-REG UNLEADED']
32006283955,"['FLUID MILK WHITE ONLY', 'SGL SV/VEND MACH SNACKS CHIP/P', 'BANANAS', 'POURABLE SALAD DRESSINGS', 'BOLOGNA', 'PIES: FRUIT/NUT', 'MAINSTREAM WHEAT/MULTIGRAIN BR', 'POURABLE SALAD DRESSINGS', 'LOAVE', 'CUCUMBERS', 'MAINSTREAM WHEAT/MULTIGRAIN BR', 'POURABLE SALAD DRESSINGS', 'SNACK CAKE - MULTI PACK']"
32006283957,['SNACK CAKE - MULTI PACK']
32006735080,['GASOLINE-REG UNLEADED']
32008578907,['CANDY BARS (SINGLES)(INCLUDING']
32008578908,['POWDER LAUNDRY DETERGENT']
32040986950,"['SOUP CRACKERS (SALTINE/OYSTER)', 'DAIRY CASE 100% PURE JUICE - O', 'DRY DOG FOOD PREMIUM (ALPO/PUR', 'CONDENSED SOUP', 'LOAF CHEESE', 'LOAF CHEESE']"
32041113249,"['CAKES - OTHER', 'PIES: CREAM/MERINGUE', 'PIZZA']"
32041113262,"['FROSTING', 'GELATIN', 'CAKES - OTHER', 'FROSTING', 'LAYER CAKE MIX', 'LAYER CAKE MIX']"
32064890485,"['SEMI-SOLID SALAD DRESSING MAY', 'MEAT: LUNCHMEAT BULK', 'MAINSTREAM WHEAT/MULTIGRAIN BR', 'CHEESE: NATURAL BULK']"
32065058794,['GASOLINE-REG UNLEADED']
32090495902,['CHIX: VALUE ADDED (HOT)']
32113645654,['GASOLINE-REG UNLEADED']
32113646074,"['MEAT: LUNCHMEAT BULK', 'MAINSTREAM WHITE BREAD', 'FLUID MILK WHITE ONLY', 'GRAPES WHITE']"
32137583485,"['MISCELLANEOUS', 'MAINSTREAM WHITE BREAD', 'DAIRY CASE JUICE DRNK UNDER 10', 'RIBS', 'BEETS', 'BANANAS', 'BUTTS', 'ENHANCED', 'DRUMS (IQF)', 'INSTANT COFFEE REGULAR', 'THIGHS (IQF)', 'PORK-FULLY COOKED', 'HOT DOG CHILI SAUCE', 'ORANGES NAVELS ALL', 'ONIONS YELLOW (BULK&BAG)']"
32161388141,"['NATURAL CHEESE EXACT WT CHUNKS', 'POTATO CHIPS', 'POTATO CHIPS', 'MISCELLANEOUS', 'NATURAL CHEESE EXACT WT CHUNKS', 'DIPS (NON-REFRIGERATED)', 'YOGURT MULTI-PACKS', 'NON-IWS SINGLE CHEESE']"
32173342945,['GASOLINE-REG UNLEADED']
32173343021,['GASOLINE-REG UNLEADED']
32186537422,"['CANDY BARS (SINGLES)(INCLUDING', 'CANDY BARS (SINGLES)(INCLUDING']"
32186537427,['CANDY BARS (SINGLES)(INCLUDING']
32186669054,"['CAKES - OTHER', 'CANISTER POTATO/TORT CHIPS', 'MAINSTREAM WHITE BREAD', 'SNACKS/APPETIZERS', 'MAINSTREAM WHEAT/MULTIGRAIN BR', 'SEASONAL MISCELLANEOUS']"
32187102109,['ONIONS WHITE (BULK&BAG)']
32187102122,['CANDY BARS (SINGLES)(INCLUDING']
32231258500,"['TEA BAGS & BULK TEA', 'PORK-FULLY COOKED', 'SFT DRNK 2 LITER BTL CARB INCL', 'SNACK CAKE - SINGLE SERVE', 'POTATO CHIPS', 'VEGETABLE SALADS - PREPACK', 'HAMBURGER BUNS']"
32231258504,"['POTATO CHIPS', 'SFT DRNK 2 LITER BTL CARB INCL', 'HAMBURGER BUNS', 'FLUID MILK WHITE ONLY', 'PORK-FULLY COOKED', 'COTTAGE CHEESE', 'SOFT DRINKS 12/18&15PK CAN CAR']"
32231645220,"['HAMBURGER BUNS', 'SOFT DRINKS 12/18&15PK CAN CAR']"
32258637833,"['BOLOGNA', 'SNACK CAKE - MULTI PACK', 'MAINSTREAM WHITE BREAD', 'BOLOGNA', 'NON-IWS SINGLE CHEESE']"
32259073015,"['CAKES: NOVELTIES', 'CAKES: NOVELTIES']"
32259208119,['GASOLINE-REG UNLEADED']
32259658030,"['SOFT DRINKS 12/18&15PK CAN CAR', 'SOFT DRINKS 12/18&15PK CAN CAR', 'SOFT DRINKS 12/18&15PK CAN CAR']"
32259658324,"['ALKALINE BATTERIES', 'CIGARETTES', 'ICE CREAM SANDWICHES']"
32269636020,"['TRADITIONAL', 'CAKES: BIRTHDAY/CELEBRATION SH', 'TRADITIONAL']"
32269636029,['CAKE DECORS - BIRTHDAY CANDLES']
32269767940,"['IWS SINGLE CHEESE', 'SOFT DRINKS 20PK&24PK CAN CARB', 'POTATO CHIPS', 'BAGGED CHEESE SNACKS', 'CARD GAMES', 'TEA CAN WITH SWEETENER/SUGAR']"
32305306323,"['MAINSTREAM WHITE BREAD', 'SEMI-SOLID SALAD DRESSING MAY', 'MEAT: LUNCHMEAT BULK', 'SFT DRNK SNGL SRV BTL CARB (EX', 'CANDY BARS (SINGLES)(INCLUDING']"
32408471367,['GASOLINE-REG UNLEADED']
32408472022,['COUPONS/STORE & MFG']
32408472041,['GASOLINE-REG UNLEADED']
32408472094,"['RELISHES', 'SEMI-SOLID SALAD DRESSING MAY']"
32445805774,"['VENDING SIZE/SNGL SERVE CRACKE', 'REFRIGERATED ENGLISH MUFFINS', 'DAIRY CASE 100% PURE JUICE - O', 'PORK-FULLY COOKED']"
32478660675,"['GRND/PATTY - FROZEN', 'POTATO CHIPS', 'CHEESE: NATURAL BULK', 'SOFT DRINKS 12/18&15PK CAN CAR', 'MEAT: TURKEY BULK', 'MEAT:HAM BULK', 'POTATO CHIPS', 'CORN CHIPS', 'SOFT DRINKS 12/18&15PK CAN CAR', 'CHEESE: PROCESSED BULK', 'SOFT DRINKS 12/18&15PK CAN CAR', 'MEAT: LUNCHMEAT BULK', 'MAINSTREAM WHEAT/MULTIGRAIN BR', 'SFT DRNK SNGL SRV BTL CARB (EX', 'SOFT DRINKS 12/18&15PK CAN CAR', 'SOFT DRINKS 12/18&15PK CAN CAR', 'MAINSTREAM WHITE BREAD', 'CHEESE: NATURAL BULK']"
32478663826,"['GASOLINE-REG UNLEADED', 'CIGARETTES']"
32493263220,"['COTTAGE CHEESE', 'RTS SOUP: CHUNKY/HOMESTYLE ET', 'SPICES & SEASONINGS', 'RAMEN NOODLES/RAMEN CUPS', 'CREAM CHEESE', 'MAINSTREAM WHITE BREAD', 'RAMEN NOODLES/RAMEN CUPS', 'HOT DOG BUNS', 'CHILI: CANNED', 'CHOCOLATE MILK', 'GRATED CHEESE', 'RTS SOUP: CHUNKY/HOMESTYLE ET', 'RTS SOUP: CHUNKY/HOMESTYLE ET', 'VEGETABLE/SALAD OIL', 'SPICES & SEASONINGS', 'POTATOES RUSSET (BULK&BAG)', 'SPICES & SEASONINGS', 'RTS SOUP: CHUNKY/HOMESTYLE ET', 'RAMEN NOODLES/RAMEN CUPS']"
32505251406,"['HEAD LETTUCE', 'SOFT DRINKS 12/18&15PK CAN CAR', 'MAINSTREAM WHITE BREAD', 'SEMI-SOLID SALAD DRESSING MAY', 'MEAT:HAM BULK', 'CHEESE: NATURAL BULK']"
32555946276,"['CIGARETTES', 'PREP FD: SIDE DISHES (HOT)', 'CHIX:FRD 8PC/CUT UP (HOT)']"
32556129238,"['BANANAS', 'FLUID MILK WHITE ONLY', 'PIES: CREAM/MERINGUE', 'POTATOES RUSSET (BULK&BAG)', 'TEA BAGS & BULK TEA', 'SS ECONOMY ENTREES/DINNERS ALL', 'SNACK CAKE - SINGLE SERVE', 'TRADITIONAL', 'SS ECONOMY ENTREES/DINNERS ALL']"
32556129243,"['MISCELLANEOUS MILK', 'CAKES: NOVELTIES']"
32556129289,['GASOLINE-REG UNLEADED']
32557186775,"['CAN DOG FOOD (SKIPPY/PEDIGREE/', 'SOFT DRINKS 12/18&15PK CAN CAR', 'FLUID MILK WHITE ONLY', 'MEAT: LUNCHMEAT BULK', 'SOFT DRINKS 12/18&15PK CAN CAR', 'MAINSTREAM WHITE BREAD']"
32589608795,"['CHOCOLATE MILK', 'FROZEN FRUIT PIES  & COBBLERS', 'PIZZA/TRADITIONAL', 'MISCELLANEOUS MILK', 'FROZEN FRUIT PIES  & COBBLERS', 'FROZEN FRUIT PIES  & COBBLERS', 'SHREDDED CHEESE', 'SEAFOOD-FRE-CATFISH', 'EGGS - X-LARGE', 'FRZN BOXED VEGETABLES - PLAIN', 'SOUR CREAMS', 'FRZN FRENCH FRIES', 'PREMIUM', 'CANDY BARS (MULTI PACK)', 'PIZZA/TRADITIONAL', 'FROZEN FRUIT PIES  & COBBLERS', 'FRZN WHIPPED TOPPING']"
32614215558,"['MAINSTREAM WHITE BREAD', 'SFT DRNK MLT-PK BTL CARB (EXCP', 'POULTRY']"
32614227881,"['FLUID MILK WHITE ONLY', 'CORN CHIPS', 'SOFT DRINKS 12/18&15PK CAN CAR', 'MAINSTREAM', 'ASEPTIC PACK JUICE AND DRINKS', 'NATURAL CHEESE EXACT WT CHUNKS', 'COTTAGE CHEESE', 'SOFT DRINKS 12/18&15PK CAN CAR', 'NATURAL CHEESE EXACT WT CHUNKS', 'EGGS - X-LARGE', 'DIPS (NON-REFRIGERATED)', 'DIPS (NON-REFRIGERATED)', 'MAINSTREAM', 'SOFT DRINKS 12/18&15PK CAN CAR']"
32630056392,"['POTATO CHIPS', 'HAMBURGER BUNS', 'HAM', 'RELISHES']"
32671480966,"['CHIX:FRD 8PC/CUT UP (HOT)', 'SOFT DRINKS 12/18&15PK CAN CAR']"
32671669232,"['GELATIN', 'MAINSTREAM WHEAT/MULTIGRAIN BR', 'PINEAPPLE', 'FLUID MILK WHITE ONLY', 'PUDDINGS DRY', 'SFT DRNK 2 LITER BTL CARB INCL', 'VANILLA WAFER/KIDS COOKIES', 'POURABLE SALAD DRESSINGS', 'MAINSTREAM WHITE BREAD', 'BANANAS', 'SNACK CAKE - SINGLE SERVE', 'PUDDINGS DRY', 'BUTTERMILK']"
32671669240,"['CAKES: NOVELTIES', 'CHOCOLATE MILK', 'LIQUID LAUNDRY DETERGENTS', 'CAKES: LAYERS', 'SOFT DRINKS 12/18&15PK CAN CAR', 'SNACK CAKE - SINGLE SERVE']"
32672097340,['GASOLINE-REG UNLEADED']
32704475399,"['SOFT DRINKS 12/18&15PK CAN CAR', 'ADULT ANALGESICS', 'MAINSTREAM WHITE BREAD', 'BOLOGNA', 'BOLOGNA', 'LINAMENTS', 'NON-IWS SINGLE CHEESE']"
32704487558,['GASOLINE-REG UNLEADED']
32704643470,"['TOILET TISSUE', 'SFT DRNK 2 LITER BTL CARB INCL', 'BEERALEMALT LIQUORS', 'SNACK CAKE - SINGLE SERVE']"
32744398662,"['POTATOES SWEET&YAMS', 'VENDOR SIZE/SINGLE SERVE COOKI', 'VANILLA WAFER/KIDS COOKIES', 'POTATO CHIPS', 'FLUID MILK WHITE ONLY', 'EGGS - X-LARGE', 'BOLOGNA', 'PUDDINGS DRY', 'BANANAS']"
32744399058,"['GASOLINE-REG UNLEADED', 'CIGARETTES']"
32744399069,['GASOLINE-REG UNLEADED']
32759156010,['SOFT DRINKS 12/18&15PK CAN CAR']
32759801123,"['SAL: DESSERTS-PREPACK', 'VEGETABLE SALADS - PREPACK', 'VEGETABLE SALADS - PREPACK']"
32759801210,"['SOFT DRINKS 12/18&15PK CAN CAR', 'SMOKED/COOKED']"
32759804192,['INSIDE FROST BULBS']
32759958683,"['MAINSTREAM WHITE BREAD', 'HAMBURGER BUNS', 'POTATO CHIPS', 'ECONOMY - MEAT', 'BREAST - BONELESS(IQF)', 'SOFT DRINKS 12/18&15PK CAN CAR', ' ', 'SINUS AND ALLERGY', 'HOT DOG BUNS']"
32760505458,"['EASTER EGG COLORING', 'MEAT: LUNCHMEAT BULK', 'HAMS-SPIRAL']"
32760505592,['PREP FD: SIDE DISHES (HOT)']
32760505614,"['SPICES & SEASONINGS', 'PINEAPPLE', 'CORN CHIPS', 'OTHER', 'SNACKS/APPETIZERS', 'EGGS - X-LARGE', 'SW GDS:DONUTS', 'PREP FD: SIDE DISHES (HOT)', 'REFRIGERATED BISCUITS REGULAR']"
32760644308,"['GASOLINE-REG UNLEADED', 'CIGARETTES']"
32794325277,['SOFT DRINKS 12/18&15PK CAN CAR']
32794326226,"['MAINSTREAM WHITE BREAD', 'BOLOGNA', 'SEMI-SOLID SALAD DRESSING MAY', 'IWS SINGLE CHEESE', 'BOLOGNA']"
32811848740,['GASOLINE-REG UNLEADED']
32848415282,"['CIGARETTES', 'NON DAIRY CREAMER: DRY']"
32848588877,"['GASOLINE-REG UNLEADED', 'CIGARETTES']"
32848981512,"['SOFT DRINKS 12/18&15PK CAN CAR', 'CIGARETTES']"
32849174337,"['CHIX:FRD 8PC/CUT UP (HOT)', 'VANILLA WAFER/KIDS COOKIES', 'BANANAS', 'BOLOGNA', 'PUDDINGS DRY', 'MAINSTREAM WHEAT/MULTIGRAIN BR', 'SW GDS:DONUTS', 'FLUID MILK WHITE ONLY', 'PAPER TOWELS & HOLDERS', 'HAMS-WHOLE BONELESS', 'MAINSTREAM WHITE BREAD', 'PUDDINGS DRY', 'PUDDING&GELATIN CUPS/CANS']"
32849174341,"['SW GDS:DONUTS', 'BREAD:PITA/POCKET BREADS']"
32872950968,"['COTTAGE CHEESE', 'SNACK CAKE - MULTI PACK', 'SS ECONOMY ENTREES/DINNERS ALL', 'SS ECONOMY ENTREES/DINNERS ALL', 'POTATO CHIPS', 'MAINSTREAM WHITE BREAD', 'FLUID MILK WHITE ONLY', 'SOFT DRINKS 20PK&24PK CAN CARB', 'SS ECONOMY ENTREES/DINNERS ALL', 'MARGARINE: TUBS AND BOWLS', 'SS ECONOMY ENTREES/DINNERS ALL', 'DAIRY CASE FRUIT DRINKS (NO JU', 'POTATO CHIPS', 'SS ECONOMY ENTREES/DINNERS ALL', 'SOFT DRINKS 20PK&24PK CAN CARB']"
32895225086,['MISCELLANEOUS CANDY (INCLUDING']
32931652907,['SPICES & SEASONINGS']
32956495643,['GASOLINE-REG UNLEADED']
32956496506,"['SINUS AND ALLERGY', ' ']"
32956633349,"['SALAD BAR FRESH FRUIT', 'FLUID MILK WHITE ONLY', 'POWDER LAUNDRY DETERGENT', 'SCOOP LITTER', 'TOMATO SAUCE', 'MAINSTREAM WHITE BREAD', 'SALAD BAR FRESH FRUIT']"
32957793912,"['FLUID MILK WHITE ONLY', 'SOFT DRINKS 12/18&15PK CAN CAR', 'MAINSTREAM WHEAT/MULTIGRAIN BR', 'TRADITIONAL', 'CAKES - OTHER', 'MAINSTREAM WHEAT/MULTIGRAIN BR', 'MAINSTREAM WHITE BREAD', 'ECONOMY - MEAT', 'BOLOGNA']"
32990008866,"['ROLLS - PORK', 'TEA BAGS & BULK TEA', 'CAKES - OTHER', 'SNACK CAKE - SINGLE SERVE']"
32990008872,"['PREPAID WIRELESS CARDS', 'PREP FD: PIZZA (COLD)']"
33001890842,"['MEAT:HAM BULK', 'IWS SINGLE CHEESE', 'POTATO CHIPS', 'HAMBURGER BUNS', 'CIGARETTES']"
33041029301,['GASOLINE-REG UNLEADED']
33106667214,['TOMATO JUICE (OVER 50% JCE)']
33106667219,"['TOMATO JUICE (OVER 50% JCE)', 'VEG JUICE (EXCEPT TOMATO) (OVE']"
33132423750,['CANDY BARS (SINGLES)(INCLUDING']
33132423773,"['SOFT DRINKS 12/18&15PK CAN CAR', 'SPICES & SEASONINGS', 'SWEET GOODS - FULL SIZE', 'CHOCOLATE MILK', 'POTATOES WHITE', 'DRY DOG VALUE (PET PRIDE/KLR/G', 'CAKES: LAYERS', 'MAINSTREAM WHEAT/MULTIGRAIN BR', 'SOFT DRINKS 12/18&15PK CAN CAR', 'SOFT DRINKS 12/18&15PK CAN CAR', 'CIGARETTES', 'SANDWICH BUNS', 'EGGS - MEDIUM', 'SOFT DRINKS 12/18&15PK CAN CAR', 'MAINSTREAM WHITE BREAD', 'SW GDS:DONUTS']"
33155564045,"['CAKES: NOVELTIES', 'PAPER TOWELS & HOLDERS', 'PIES: FRUIT/NUT', 'LAYER CAKE MIX', 'GADGETS/TOOLS', 'FROSTING', 'NEWSPAPER']"
33155564053,"['SELECT BEEF', 'MISC BAG SNACKS', 'SFT DRNK SNGL SRV BTL CARB (EX', 'CANDY BARS (SINGLES)(INCLUDING', 'SPICES & SEASONINGS', 'POTATOES RED (BULK&BAG)', 'FRZN MULTI SERVE ENTREES ALL', 'CANDY BARS (SINGLES)(INCLUDING', 'DIPS (NON-REFRIGERATED)', 'BREAD:ITALIAN/FRENCH']"
33168024367,"['CAKES: NOVELTIES', 'CAKES: NOVELTIES', 'NATURAL CHEESE EXACT WT SLICES', 'CAKES: NOVELTIES', 'CAKES: NOVELTIES']"
33168024371,"['THIGHS (IQF)', 'SOFT DRINKS 12/18&15PK CAN CAR', 'FROZEN PACKAGE MEAT', 'BREAST - BONELESS(IQF)']"
33168024381,"['TOMATOES VINE RIPE BULK', 'CANDY BARS (MULTI PACK)', 'VALUE', 'LADIES SPORT SOCKS', 'DAIRY CASE 100% PURE JUICE - O', 'SW GDS:DONUTS', 'MARGARINE: TUBS AND BOWLS', 'ONIONS SWEET (BULK&BAG)', 'PIES: CREAM/MERINGUE', 'FROZEN CAKES/ALL TYPES INCLUDI', 'BANANAS']"
33217612286,"['TABLOIDS-MAGAZINE', 'MEAT: LUNCHMEAT BULK', 'FLUID MILK WHITE ONLY']"
33239684582,"['SOFT DRINK POWDER POUCHES', 'FRZN MULTI SERVE ENTREES ALL', 'SOFT DRINK POWDER POUCHES', 'SOFT DRINK POWDER POUCHES', 'TRADITIONAL', 'PATTIES - COOKED', 'TRADITIONAL', 'SOFT DRINKS 12/18&15PK CAN CAR']"
33239684586,"['SANDWICHES/BISCUITS/GRAVY', 'FRZN BREAKFAST PASTRY', 'SNACKS/APPETIZERS', 'MAINSTREAM WHITE BREAD', 'CANDY BARS (SINGLES)(INCLUDING', 'TRADITIONAL', 'SOFT DRINKS 12/18&15PK CAN CAR', 'SANDWICHES&HANDHELDS']"
33239684603,"['SFT DRNK SNGL SRV BTL CARB (EX', 'CRANBERRY JUICE (50% AND UNDER']"
33251771135,"['TORTILLA/NACHO CHIPS', 'SFT DRNK 2 LITER BTL CARB INCL', 'WATER ICE', 'CHEESE CRACKERS (CHEEZ-ITS/GOL', 'SOFT DRINKS 12/18&15PK CAN CAR', 'TRADITIONAL', 'BOLOGNA', 'LUNCH COMBO', 'CANDY BAGS-CHOCOCLATE', 'PREMIUM - MEAT', 'SOFT DRINKS 12/18&15PK CAN CAR', 'BOLOGNA', 'COTTAGE CHEESE', 'MAINSTREAM WHITE BREAD', 'CHOCOLATE MILK', 'NON-IWS SINGLE CHEESE', 'LUNCH COMBO', 'CANDY BAGS-CHOCOCLATE', 'SEMI-SOLID SALAD DRESSING MAY', 'LUNCH COMBO']"
33251903719,"['SALAD BAR FRESH FRUIT', 'MACARONI & CHEESE DNRS', 'VALUE', 'GRATED CHEESE']"
33293592542,"['SOFT DRINKS 12/18&15PK CAN CAR', 'SOFT DRINKS 12/18&15PK CAN CAR', 'ENERGY DRINK']"
33293592553,['ENERGY DRINK']
33294173349,"['BOLOGNA', 'TOILET TISSUE', 'REFRIGERATED BISCUITS REGULAR', 'POTATO CHIPS', 'NATURAL CHEESE EXACT WT SLICES', 'SMOKED/COOKED', 'NATURAL CHEESE EXACT WT SLICES', 'BEERALEMALT LIQUORS', 'REFRIGERATED SPECILATY ROLLS', 'MAINSTREAM WHEAT/MULTIGRAIN BR', 'BUTTER SPRAY CRACKER (RITZ/CLU', 'MAINSTREAM WHITE BREAD', 'POTATO CHIPS', 'NATURAL CHEESE EXACT WT SLICES', 'POTATO CHIPS', 'SW GDS:DONUTS']"
33294173357,"['SALAD BAR FRESH FRUIT', 'PREPAID WIRELESS CARDS', 'CAKES: NOVELTIES', 'SALAD BAR FRESH FRUIT', 'SALAD BAR FRESH FRUIT', 'CAKES: NOVELTIES']"
33329179944,['GASOLINE-REG UNLEADED']
33329179945,['GASOLINE-REG UNLEADED']
33329826733,['GASOLINE-REG UNLEADED']
33329826744,['GASOLINE-REG UNLEADED']
33362805570,"['SW GDS:COFFEE CAKES', 'SW GDS:COFFEE CAKES', 'NON-IWS SINGLE CHEESE', 'BABY DIAPERS', 'CHARCOAL LIGHTER FLUID/UTILITY', 'SFT DRNK SNGL SRV BTL CARB (EX', 'SFT DRNK SNGL SRV BTL CARB (EX', 'ICE - CRUSHED/CUBED', 'CAKES: LAYERS']"
33362942753,['GASOLINE-REG UNLEADED']
33362946999,['GASOLINE-REG UNLEADED']
33385632727,"['POTATO CHIPS', 'DAIRY CASE FRUIT DRINKS (NO JU', 'FLUID MILK WHITE ONLY', 'DAIRY CASE 100% PURE JUICE - O']"
33409473544,['ISOTONIC DRINKS MULTI-SERVE']
33432977770,"['SOFT DRINK CANISTERS', 'SOFT DRINKS 20PK&24PK CAN CARB', 'CHOCOLATE MILK', 'PLSTC CTLRYTBLCLTHSTTHPKSST', 'FLOOR - CARPET & UPHOLSTERY', 'FLUID MILK WHITE ONLY', 'SOFT DRINK CANISTERS', 'MEAT: LUNCHMEAT BULK', 'CAN DOG FOOD (SKIPPY/PEDIGREE/', 'SOFT DRINKS 20PK&24PK CAN CARB', 'CHEESE: NATURAL BULK', 'ALTERNATIVE LITTER', 'CANDY BARS (MULTI PACK)', 'ANT AND ROACH', 'AIR CARE - CONTINUOUS ACTION']"
33460637565,['GASOLINE-REG UNLEADED']
33460637668,"['BEERALEMALT LIQUORS', 'SFT DRNK SNGL SRV BTL CARB (EX', 'VEG JUICE (EXCEPT TOMATO) (OVE']"
33460637681,['FASHION SLG']
33472698590,"['FRESH', 'SALAD BAR FRESH FRUIT', 'GRND/PATTY - FROZEN']"
33472698611,"['SWEET GOODS - FULL SIZE', 'SALAD BAR FRESH FRUIT', 'ONIONS RED (BULK&BAG)', 'LIQUID LAUNDRY DETERGENTS', 'DRY CAT FOOD (CAT CHOW/FRISKIE', 'CANDY BARS (MULTI PACK)', 'PIES: FRUIT/NUT', 'BUTTER SPRAY CRACKER (RITZ/CLU', 'HAMBURGER BUNS', 'POTATOES RED (BULK&BAG)', 'CONDENSED SOUP', 'BANANAS', 'BOLOGNA', 'CONDENSED SOUP', 'SNACK CAKE - SINGLE SERVE', 'ECONOMY - BEEF', 'SMOKED/COOKED']"
33482151024,"['BOLOGNA', 'MAINSTREAM WHITE BREAD', 'SEMI-SOLID SALAD DRESSING MAY', 'BOLOGNA', 'IWS SINGLE CHEESE']"
33505952740,"['FRZN SS PREMIUM ENTREES/DNRS/T', 'KIDS CEREAL', 'MAINSTREAM WHITE BREAD', 'TORTILLA/NACHO CHIPS', 'PIZZA/TRADITIONAL', 'DIPS (NON-REFRIGERATED)', 'PREMIUM']"
33655117712,"['FRZN SS PREMIUM ENTREES/DNRS/T', 'FRZN SS PREMIUM ENTREES/DNRS/T', 'MISCELLANEOUS CANDY (INCLUDING', 'SNACK CAKE - MULTI PACK']"
33656388906,"['SANDWICH BUNS', 'MISC SALES TRANS', 'AGE RESTRICTED FIREWORKS', 'SUGAR', 'SFT DRNK SNGL SRV BTL CARB (EX', 'SOFT DRINKS 12/18&15PK CAN CAR', 'CIGARETTES', 'ICE - CRUSHED/CUBED', 'SEMI MOIST DOG FOOD', 'FROZEN PACKAGE MEAT', 'SOFT DRINKS 12/18&15PK CAN CAR', 'SOFT DRINKS 12/18&15PK CAN CAR']"
33656973512,"['ONIONS SWEET (BULK&BAG)', 'INSTORE CUT FRUIT']"
33656973705,"['CAKES - OTHER', 'BANANAS', 'THERMOMETERS PROBE COVERS', 'TOMATOES VINE RIPE PKG', 'POTATOES RED (BULK&BAG)', 'SFT DRNK SNGL SRV BTL CARB (EX', 'SEMI-SOLID SALAD DRESSING MAY', 'SFT DRNK SNGL SRV BTL CARB (EX']"
33657432359,['GASOLINE-REG UNLEADED']
33658158896,"['CAKES - OTHER', 'COOKIES: REGULAR']"
33658158909,"['MISC SALES TRANS', 'CAKES - OTHER']"
33658779068,"['HOT DOG BUNS', 'NON-IWS SINGLE CHEESE', 'CANISTER POTATO/TORT CHIPS', 'SEMI-SOLID SALAD DRESSING MAY', 'CREAM CHEESE', 'FROZEN CAKES/ALL TYPES INCLUDI', 'MAINSTREAM WHITE BREAD']"
33658779073,"['CANISTER POTATO/TORT CHIPS', 'SMOKED/COOKED', 'SEASONAL CANDY BAGS-CHOCOLATE', 'MALTED MLK/SYRUP/PWDRS (EGGNOG', 'SNACK CAKE - SINGLE SERVE', 'BOLOGNA']"
33659392869,"['SMOKED/COOKED', 'CORN CHIPS', 'SOFT DRINKS 12/18&15PK CAN CAR', 'BASIC PAPER PLATES', 'MAINSTREAM WHITE BREAD', 'SMOKED/COOKED', 'BAGGED CHEESE SNACKS', 'SOFT DRINKS 12/18&15PK CAN CAR', 'SMOKED/COOKED', 'FLUID MILK WHITE ONLY', 'DIPS (NON-REFRIGERATED)']"
33659392879,['CHARCOAL']
33659392956,['GASOLINE-REG UNLEADED']
33659861145,"['NON-CRBNTD DRNKING/MNERAL WATE', 'ENHANCED']"
33768032057,['GASOLINE-REG UNLEADED']
33768163241,"['STICKS/ENROBED', 'VITAMIN - NON HERBAL SUPPLEMEN']"
33768743117,"['STICKS/ENROBED', 'REFRIGERATED BISCUITS REGULAR']"
33768743132,['CONVENTIONAL LITTER']
33769791128,['GASOLINE-REG UNLEADED']
33770528026,"['SOFT DRINKS 12/18&15PK CAN CAR', 'TEA CAN WITH SWEETENER/SUGAR', 'SFT DRNK SNGL SRV BTL CARB (EX']"
33770528031,"['CANDY BARS (SINGLES)(INCLUDING', 'SOFT DRINKS 12/18&15PK CAN CAR']"
33836433621,"['VEGETABLE/SALAD OIL', 'FRZN FRENCH FRIES']"
33836562223,"['SOFT DRINKS 12/18&15PK CAN CAR', 'SOFT DRINKS 12/18&15PK CAN CAR', 'TEA CAN WITH SWEETENER/SUGAR', 'SOFT DRINKS 12/18&15PK CAN CAR']"
33920075021,['GASOLINE-REG UNLEADED']
33944715743,['EGGS - LARGE']
33994231980,"['TEA CAN WITH SWEETENER/SUGAR', 'SOFT DRINKS 12/18&15PK CAN CAR', 'SOFT DRINKS 12/18&15PK CAN CAR']"
33994231990,['SEASONAL CANDY BAGS-CHOCOLATE']
34009984311,"['DRY CAT FOOD ECONOMY (COST CUT', 'DRY CAT FOOD ECONOMY (COST CUT', 'CIGARETTES']"
34010583745,"['HOT DOG BUNS', 'SMOKED/COOKED', 'GRND/PATTY - FROZEN', 'ECONOMY - MEAT', 'HAMBURGER BUNS', 'POTATO CHIPS']"
34010583782,"['SOFT DRINKS 12/18&15PK CAN CAR', 'SOFT DRINKS 12/18&15PK CAN CAR', 'SOFT DRINKS 12/18&15PK CAN CAR']"
34032728195,"['SNACK CAKE - SINGLE SERVE', 'MAINSTREAM WHITE BREAD', 'COOKIES: GOURMET', 'SFT DRNK SNGL SRV BTL CARB (EX', 'POTATO CHIPS', 'PORK-FULLY COOKED', 'ROLLS - FLAVORED/OTHER', 'BOLOGNA', 'NON-CRBNTD DRNKING/MNERAL WATE', 'ECONOMY', 'ECONOMY - MEAT', 'BREAST - BONELESS(IQF)']"
34045092176,"['PREP FD: SIDE DISHES (HOT)', 'CIGARETTES', 'SEMI-SOLID SALAD DRESSING MAY', 'MAINSTREAM WHITE BREAD']"
34133370524,"['BOLOGNA', 'SOFT DRINKS 12/18&15PK CAN CAR', 'MAINSTREAM WHITE BREAD', 'SOFT DRINKS 12/18&15PK CAN CAR', 'PREP FD: SIDE DISHES (HOT)']"
34133371839,['GASOLINE-REG UNLEADED']
34164255801,"['BOLOGNA', 'IWS SINGLE CHEESE', 'MAINSTREAM WHITE BREAD', 'BOLOGNA']"
34164255808,['TORTILLA/NACHO CHIPS']
34164255824,['SEMI-SOLID SALAD DRESSING MAY']
34204521996,"['CAN DOG FOOD (SKIPPY/PEDIGREE/', 'DRY DOG VALUE (PET PRIDE/KLR/G', 'SOFT DRINKS 12/18&15PK CAN CAR', 'FRZN MULTI SERVE ENTREES ALL', 'CARDS EVERYDAY', 'FRZN REGIONAL/OTHER', 'FRZN BRD STICK/PORTON', 'FRZN MULTI SERVE ENTREES ALL', 'SOFT DRINKS 12/18&15PK CAN CAR', 'SOFT DRINKS 12/18&15PK CAN CAR']"
34291811810,"['SEMI-SOLID SALAD DRESSING MAY', 'BOLOGNA', 'MAINSTREAM WHITE BREAD', 'BOLOGNA']"
34338371831,"['SS ECONOMY ENTREES/DINNERS ALL', 'SS ECONOMY ENTREES/DINNERS ALL', 'SS ECONOMY ENTREES/DINNERS ALL', 'MAINSTREAM WHITE BREAD', 'SS ECONOMY ENTREES/DINNERS ALL', 'SS ECONOMY ENTREES/DINNERS ALL', 'SS ECONOMY ENTREES/DINNERS ALL', 'FLUID MILK WHITE ONLY', 'SOFT DRINKS 12/18&15PK CAN CAR', 'SS ECONOMY ENTREES/DINNERS ALL', 'SS ECONOMY ENTREES/DINNERS ALL', 'CHOCOLATE MILK', 'POTATO CHIPS', 'SOFT DRINKS 12/18&15PK CAN CAR', 'DAIRY CASE CITRUS PNCH/OJ SUBS']"
34576887138,"['MUSHROOMS W/WHOLE PKG', 'RTS SOUP: CHUNKY/HOMESTYLE ET', 'REGULAR GARDEN', 'BOLOGNA', 'NON-IWS SINGLE CHEESE', 'POURABLE SALAD DRESSINGS', 'SHREDDED CHEESE', 'RTS SOUP: CHUNKY/HOMESTYLE ET', 'DAIRY CASE FRUIT DRINKS (NO JU', 'SANDWICHES&HANDHELDS', 'BOLOGNA', 'FRZN BRD STICK/PORTON', 'RTS SOUP: CHUNKY/HOMESTYLE ET', 'COLD AND FLU - PSE', 'CIDER', 'BOLOGNA', 'SANDWICHES&HANDHELDS', 'SOFT DRINKS 12/18&15PK CAN CAR', 'SANDWICHES&HANDHELDS', 'SOFT DRINKS 12/18&15PK CAN CAR', 'SANDWICHES&HANDHELDS', 'EGGS - X-LARGE', 'SOFT DRINKS 20PK&24PK CAN CARB']"
34642559508,"['NON-IWS SINGLE CHEESE', 'PORK-FULLY COOKED', 'CANDY BARS (SINGLES)(INCLUDING', 'KIDS CEREAL', 'LAWN & LEAF BAGS', 'MOLASSES & SYRUPS', 'REFRIGERATED BISCUITS REGULAR', 'PAPER TOWELS & HOLDERS', ' ', 'BOLOGNA', 'COTTAGE CHEESE', 'ALL FAMILY CEREAL']"
34642559512,"['FRESH', 'GRND/PATTY - FROZEN', 'SFT DRNK SNGL SRV BTL CARB (EX', 'CHARCOAL', 'NON-CARB FLVRD DRNKNG/MNRL WAT', 'SMOKED/COOKED', 'FRESH', 'CORN YELLOW', 'SALAD BAR FRESH FRUIT', 'ECONOMY - MEAT']"
34762303858,['GASOLINE-REG UNLEADED']
34850301986,['GASOLINE-REG UNLEADED']
34850449333,"['BOLOGNA', 'SINUS AND ALLERGY', 'MAINSTREAM WHITE BREAD', 'CHOCOLATE MILK', 'SALAD BAR FRESH FRUIT', 'CIGARETTES', ' ', 'FLUID MILK WHITE ONLY']"
34850908443,"['CAN DOG FOOD (SKIPPY/PEDIGREE/', 'DRY DOG FOOD PREMIUM (ALPO/PUR', 'FLUID MILK WHITE ONLY']"
35080977722,['SALAD BAR FRESH FRUIT']
35080977731,"['NON-IWS SINGLE CHEESE', 'BANANAS', 'LOAVE', 'REFRIGERATED BISCUITS REGULAR', 'MAINSTREAM WHITE BREAD', 'BOLOGNA', 'PRESERVES JAM MARMALADE', 'CONDENSED SOUP', 'FRZN BAGGED VEGETABLES - PLAIN', 'SNACK CAKE - SINGLE SERVE']"
35144099357,['GASOLINE-REG UNLEADED']
35463326707,"['HARDBACK/TRADE EVERYDAY', 'MAINSTREAM WHITE BREAD', 'FLUID MILK WHITE ONLY']"
35597508931,"['FLUID MILK WHITE ONLY', 'QUARTS', 'SANDWICH COOKIES']"
35665547390,"['SOFT DRINKS 12/18&15PK CAN CAR', 'ECONOMY - MEAT', 'SMOKED/COOKED', 'SOFT DRINKS 12/18&15PK CAN CAR', 'SALAD BAR FRESH FRUIT']"
35665549912,"['BOLOGNA', 'MAINSTREAM WHITE BREAD', 'SNACK CAKE - MULTI PACK', 'NON-IWS SINGLE CHEESE', 'KOSHER/SPECIALTY', 'ROLLS - FLAVORED/OTHER', 'DRY DOG VALUE (PET PRIDE/KLR/G']"
35665549915,['SNACK CAKE - SINGLE SERVE']
35666198947,['GASOLINE-REG UNLEADED']
35666199888,"['SOFT DRINKS 12/18&15PK CAN CAR', 'SANDWICH BUNS', 'SHREDDED CHEESE', 'BOLOGNA', 'SNACK CAKE - SINGLE SERVE', 'SANDWICH BUNS']"
35713967726,['COUPONS/STORE & MFG']
35713968350,"['PEPPERONI/SALAMI', 'STRING CHEESE']"
35726930805,['GASOLINE-REG UNLEADED']
35730222888,['NON-CRBNTD DRNKING/MNERAL WATE']
36001952034,"['SHREDDED CHEESE', 'SHREDDED CHEESE', 'CHILI: CANNED']"
36027641226,['GASOLINE-REG UNLEADED']
36027642152,"['NO SUBCOMMODITY DESCRIPTION', 'CANDY BARS (SINGLES)(INCLUDING']"
36027643023,"['NATURAL CHEESE EXACT WT CHUNKS', 'POULTRY']"
36027643069,['COUPONS/STORE & MFG']
36029510161,['GASOLINE-REG UNLEADED']
40013702092,['LUNCH COMBO']
40013702800,"['PREP FD: SIDE DISHES (HOT)', 'CHOCOLATE MILK']"
40025671084,"['SANDWICHES - (COLD)', 'CHIX: VALUE ADDED (HOT)']"
40037473224,['GASOLINE-REG UNLEADED']
40050351023,"['SOFT DRINKS 12/18&15PK CAN CAR', 'POULTRY', 'SMOKED/COOKED', 'SOFT DRINKS 12/18&15PK CAN CAR']"
40050353164,['CORN CHIPS']
40061842725,['COUPONS/STORE & MFG']
40061842744,['SOFT DRINKS 12/18&15PK CAN CAR']
40061842863,['COUPONS/STORE & MFG']
40126903657,"['CAKES - OTHER', 'CAKES: NOVELTIES', 'NATURAL CHEESE EXACT WT CHUNKS', 'NATURAL CHEESE EXACT WT CHUNKS']"
40126903658,"['SNACK CAKE - SINGLE SERVE', 'TEA BAGS & BULK TEA', 'ECONOMY', 'MAINSTREAM WHITE BREAD', 'EGGS - MEDIUM', 'PORK-FULLY COOKED', 'BANANAS', 'FRZN FRENCH FRIES']"
40126903731,"['GASOLINE-REG UNLEADED', 'CIGARETTES']"
40127342442,['SFT DRNK SNGL SRV BTL CARB (EX']
40127342750,['PREMIUM - MEAT']
40127343448,"['DIPS (NON-REFRIGERATED)', 'TORTILLA/NACHO CHIPS']"
40127916052,"['SOFT DRINKS 20PK&24PK CAN CARB', 'SOFT DRINKS 20PK&24PK CAN CARB', 'SNACK CAKE - MULTI PACK']"
40128506671,"['SHREDDED CHEESE', 'HOT DOG CHILI SAUCE']"
40128506694,['GASOLINE-REG UNLEADED']
40174309581,['CARBONATED WATER - FLVRD UNSWE']
40174309916,"['FROSTING', 'CHOICE BEEF', 'PUDDING&GELATIN CUPS/CANS', 'CIDER', 'LAYER CAKE MIX', 'SGL SV/VEND MACH SNACKS CHIP/P', 'SOUP CRACKERS (SALTINE/OYSTER)', 'TOMATOES: STEWED/DICED/CRMD', 'ONIONS WHITE (BULK&BAG)', 'NOODLES DRY', 'TEA BAGS & BULK TEA', 'CHOICE BEEF', 'SGL SV/VEND MACH SNACKS CHIP/P', 'BOLOGNA', 'VANILLA WAFER/KIDS COOKIES', 'FROSTING', 'PIES: FRUIT/NUT', 'POTATOES RUSSET (BULK&BAG)', 'CONES', 'LAYER CAKE MIX', 'FRZN BAGGED VEGETABLES - PLAIN']"
40186609086,['GASOLINE-REG UNLEADED']
40234929435,['GASOLINE-REG UNLEADED']
40234933996,['SHREDDED CHEESE']
40248783214,"['GRND/PATTY - FROZEN', 'FRZN FRENCH FRIES']"
40248783364,"['TRADITIONAL', 'IWS SINGLE CHEESE']"
40279244605,['GASOLINE-REG UNLEADED']
40283533233,['SOFT DRINKS 12/18&15PK CAN CAR']
40283668836,"['GRAVY CAN/GLASS', 'BEEF - FULLY COOKED', 'SOFT DRINKS 12/18&15PK CAN CAR']"
40283669467,['GASOLINE-REG UNLEADED']
40300291485,"['PEARS', 'FRUIT COCKTAIL FRUIT SALAD', 'FRUIT COCKTAIL FRUIT SALAD', 'PEARS']"
40341359649,"['NATURAL CHEESE EXACT WT CHUNKS', 'BOLOGNA', 'CIGARETTES']"
40341359682,['GASOLINE-REG UNLEADED']
40341862072,"['SOFT DRINKS 20PK&24PK CAN CARB', 'TOMATO PASTE', 'HAMBURGER BUNS', 'LEAN', 'SANDWICH SAUCE', 'SOFT DRINKS 20PK&24PK CAN CARB']"
40374197487,['GASOLINE-REG UNLEADED']
40387210608,['ROLLS - FLAVORED/OTHER']
40387211384,"['PEARS', 'PEARS']"
40411849369,['FLUID MILK WHITE ONLY']
40411849377,['GASOLINE-REG UNLEADED']
40423890082,"['SS ECONOMY ENTREES/DINNERS ALL', 'SS ECONOMY ENTREES/DINNERS ALL', 'SS ECONOMY ENTREES/DINNERS ALL', 'SS ECONOMY ENTREES/DINNERS ALL', 'CIGARETTES']"
40447744879,"['ALL FAMILY CEREAL', 'DAIRY CASE 100% PURE JUICE OTH', 'STANDARD OATMEAL', 'CUBED MEATS', 'MISCELLANEOUS MILK', 'CANDY BARS (SINGLES)(INCLUDING', 'LOIN - CHOPS BONELESS', 'KIDS CEREAL', 'SMOKED/COOKED', 'SFT DRNK 2 LITER BTL CARB INCL', 'ADULT CEREAL', 'CANDY BAGS-NON CHOCOLATE', 'ENHANCED', 'ECONOMY', 'CHICKEN THIGHS', 'SFT DRNK 2 LITER BTL CARB INCL', 'SFT DRNK 2 LITER BTL CARB INCL', 'BANANAS', 'PROTIEN SALADS - PREPACK', 'PEARS BARTLETT', 'KIDS CEREAL', 'MAINSTREAM WHEAT/MULTIGRAIN BR']"
40447744920,['GASOLINE-REG UNLEADED']
40472581463,['GASOLINE-REG UNLEADED']
40472584113,"['SNACK CAKE - MULTI PACK', 'SOUPS', 'SALAD BAR FRESH FRUIT']"
40484613732,"['SALAD MUSTARD', 'CHICKEN BREAST BONE IN', 'PEARS', 'BANANAS', 'GELATIN', 'REFRIGERATED PUDDING', 'SOFT DRINKS 12/18&15PK CAN CAR', 'GELATIN', 'FLUID MILK WHITE ONLY', 'CANDY BARS (SINGLES)(INCLUDING', 'BETTER FOR YOU', 'SPICES & SEASONINGS', 'POPCORN - MICROWAVE', 'SOFT DRINKS 12/18&15PK CAN CAR', 'REFRIGERATED PUDDING', 'SPICES & SEASONINGS', 'COUGH SYRP/LOZNG-DRP/XPCTRNT', 'GELATIN', 'POULTRY', 'BETTER FOR YOU', 'PEARS', 'PEACHES', ' ', 'FIRST AID MEDICATIONS', 'ENGLISH MUFFINS/WAFFLES', 'SFT DRNK 2 LITER BTL CARB INCL', 'MAINSTREAM WHEAT/MULTIGRAIN BR']"
40496491170,"['GASOLINE-REG UNLEADED', 'CIGARETTES']"
40496622881,"['SINUS/ALLERGY(AGE RESTRICTED)', 'WHOLE HENS (UNDER 15LBS)', 'BEANS GREEN: FS/WHL/CUT']"
40510419501,"['CIGARETTES', ' ', 'GASOLINE-REG UNLEADED']"
40533010978,"['PORK-FULLY COOKED', 'EGGS - JUMBO', 'PREPAID WIRELESS CARDS']"
40533154705,"['TOMATO SAUCE', 'VARIETY BEANS - KIDNEY PINTO', 'CANDY BAGS-NON CHOCOLATE', 'SHREDDED CHEESE', 'SOUP CRACKERS (SALTINE/OYSTER)', 'SAUCE MIXES GRAVY MIXES DRY', 'SFT DRNK 2 LITER BTL CARB INCL']"
40533154730,"['CIGARETTES', 'CAKES: SHEET', 'CIGARETTES', 'CIGARETTES']"
40556419185,"['FLUID MILK WHITE ONLY', 'ONIONS YELLOW (BULK&BAG)', 'REFRIGERATED PUDDING', 'SEASONAL CANDY BAGS NON-CHOCOL', 'SFT DRNK 2 LITER BTL CARB INCL', 'SEAFOOD-FRE-RAW FINFISH-OTHER', 'BANANAS', 'SFT DRNK 2 LITER BTL CARB INCL', 'APPLES GOLD DELICIOUS (BULK&BA', 'GELATIN', 'SOFT DRINKS 12/18&15PK CAN CAR', 'OLIVE OIL', 'SOUP CRACKERS (SALTINE/OYSTER)', 'SOUP CRACKERS (SALTINE/OYSTER)', 'PUDDINGS DRY', 'BOLOGNA', 'POULTRY', 'SEAFOOD-MISC-BREADERS/BTR MIX', 'CIGARETTES', 'DAIRY CASE 100% PURE JUICE OTH', 'GRAPES RED', 'GRATED CHEESE']"
40618437279,"['INSIDE FROST BULBS', 'RTS SOUP: CHUNKY/HOMESTYLE ET', 'IWS SINGLE CHEESE', 'COLD AND FLU - DXM', 'FLUID MILK WHITE ONLY', 'CHILI: CANNED', 'ADULT ANALGESICS']"
40618437287,"['HAMBURGER BUNS', 'KIDS CEREAL', 'SS ECONOMY ENTREES/DINNERS ALL', 'SS ECONOMY ENTREES/DINNERS ALL', 'FRZN FRENCH FRIES', 'SS ECONOMY ENTREES/DINNERS ALL', 'GRND/PATTY - FROZEN', 'KIDS CEREAL', 'SS ECONOMY ENTREES/DINNERS ALL', 'IWS SINGLE CHEESE', 'FLUID MILK WHITE ONLY', 'INSIDE FROST BULBS', 'MARGARINE: TUBS AND BOWLS', 'SS ECONOMY ENTREES/DINNERS ALL', 'SS ECONOMY ENTREES/DINNERS ALL', 'CANDY BARS MULTI PACK W/FLOUR', 'SFT DRNK SNGL SRV BTL CARB (EX', 'FRUIT DRINKS: CANNED & GLASS (']"
40630571148,"['DRY DOG VALUE (PET PRIDE/KLR/G', 'CAN DOG FOOD (SKIPPY/PEDIGREE/']"
40630708762,"['ASPARAGUS', 'SEASONAL CANDY BAGS NON-CHOCOL', 'VENDOR SIZE/SINGLE SERVE COOKI', 'FLUID MILK WHITE ONLY', 'ENGLISH MUFFINS/WAFFLES', 'BANANAS', 'CARROTS MINI PEELED', 'VENDOR SIZE/SINGLE SERVE COOKI', 'VENDOR SIZE/SINGLE SERVE COOKI', 'POTATOES RUSSET (BULK&BAG)', 'MAINSTREAM WHEAT/MULTIGRAIN BR', 'SFT DRNK 2 LITER BTL CARB INCL', 'BOLOGNA', 'BETTER FOR YOU', 'SFT DRNK 2 LITER BTL CARB INCL', 'POULTRY', 'SFT DRNK 2 LITER BTL CARB INCL', 'MAINSTREAM WHITE BREAD', 'SFT DRNK 2 LITER BTL CARB INCL']"
40680009273,['SFT DRNK SNGL SRV BTL CARB (EX']
40680010148,['GASOLINE-REG UNLEADED']
40703253903,"['SEASONAL CANDY BAGS NON-CHOCOL', 'ICE - CRUSHED/CUBED', 'SOUPS', 'MAINSTREAM WHEAT/MULTIGRAIN BR', 'REFRIGERATED PUDDING', 'BANANAS']"
40764867214,['GASOLINE-REG UNLEADED']
40764868658,"['SOFT DRINKS 12/18&15PK CAN CAR', 'SOFT DRINKS 12/18&15PK CAN CAR', 'FROZEN FRUIT PIES  & COBBLERS']"
40764994888,"['PEG TOYS', 'CANDY BARS (MULTI PACK)', 'CHOCOLATE MILK', 'CANDY BARS (MULTI PACK)', 'SALAD BAR FRESH FRUIT', 'SEASONAL CANDY BAGS-CHOCOLATE', 'ROLLS: CROISSANTS/BREADSTICKS', 'CANDY BARS (SINGLES)(INCLUDING', 'SEASONAL CANDY BAGS-CHOCOLATE']"
40764994903,"['FRZN BRD STICK/PORTON', 'FROZEN CREAM PIES', 'FROZEN FRUIT PIES  & COBBLERS', 'CELERY', 'DINNER ROLLS', 'ALL FAMILY CEREAL', 'SOFT DRINKS CAN NON-CARB (EXCE', 'FLUID MILK WHITE ONLY', 'BANANAS', 'CRANBERRY SAUCE', 'FRZN WHIPPED TOPPING']"
40788418439,"['SFT DRNK SNGL SRV BTL CARB (EX', 'POTATOES SWEET']"
40788418452,['PEANUT BUTTER']
40800643737,['MAINSTREAM WHEAT/MULTIGRAIN BR']
40826415074,"['MARSHMALLOWS', 'CRANBERRY SAUCE', 'SOFT DRINKS 12/18&15PK CAN CAR', 'PEANUT BUTTER', 'SOFT DRINKS 12/18&15PK CAN CAR', 'CELERY']"
40840897151,['FLUID MILK WHITE ONLY']
40841010559,['FROZEN CREAM PIES']
40841010567,"['POTATOES RUSSET (BULK&BAG)', 'FRZN WHIPPED TOPPING', 'EGGS - LARGE', 'NEWSPAPER', 'FROZEN FRUIT PIES  & COBBLERS', 'ECONOMY', 'FROZEN FRUIT PIES  & COBBLERS', 'LIQUID BLEACH', 'REFRIGERATED PUDDING', 'FLUID MILK WHITE ONLY', 'BETTER FOR YOU', 'LIQUID LAUNDRY DETERGENTS']"
40841010620,['GASOLINE-REG UNLEADED']
40852998087,['GASOLINE-REG UNLEADED']
40941422229,['GASOLINE-REG UNLEADED']
41062695970,"['CIGARETTES', 'BEEF STEW', 'FRZN SS PREMIUM ENTREES/DNRS/T']"
41123848277,['GASOLINE-REG UNLEADED']
41124625842,"['SOFT DRINKS 12/18&15PK CAN CAR', 'PREP FD: PIZZA (COLD)', 'PREP FD: PIZZA (COLD)', 'SW GDS:DONUTS', 'PREP FD: PIZZA (COLD)', 'MAINSTREAM WHITE BREAD', 'SEAFOOD-MISC-BREADERS/BTR MIX', 'SW GDS:DONUTS', 'SEAFOOD-FRE-RAW FINFISH-OTHER', 'LOAVE', 'COOKIES: HOLIDAY/SPECIAL OCCAS', 'ENGLISH MUFFINS/WAFFLES', 'SHREDDED CHEESE', 'SW GDS: PUFF PASTRY-LESS THAN', 'HAM']"
41124628760,['SEAFOOD-FRE-RAW FINFISH-OTHER']
41124628770,"['GREENS', 'VENDOR SIZE/SINGLE SERVE COOKI', 'POULTRY', 'BANANAS', 'SOLID SHORTENING', 'SOFT DRINKS 12/18&15PK CAN CAR', 'PAPER TOWELS & HOLDERS', 'FRZN FRENCH FRIES', 'BETTER FOR YOU', 'SANDWICH SAUCE HORSERADISH SA']"
41125125491,"['MAINSTREAM WHITE BREAD', 'CHOCOLATE MILK', 'EGGS - LARGE', 'OTHER', 'CAKES: NOVELTIES', 'FLUID MILK WHITE ONLY', 'BOLOGNA', 'REFRIGERATED BISCUITS REGULAR']"
41160085299,"['BAGGED CHEESE SNACKS', 'SEMI-SOLID SALAD DRESSING MAY', 'DRY DOG VALUE (PET PRIDE/KLR/G', 'MEAT: LUNCHMEAT BULK', 'ORANGES NAVELS ALL', 'SOFT DRINKS 20PK&24PK CAN CARB']"
41212031160,"['COTTAGE CHEESE', 'SFT DRNK 2 LITER BTL CARB INCL']"
41238351382,"['SNACKS/APPETIZERS', 'SHREDDED CHEESE', 'HOT DOG BUNS', 'BASIC PAPER PLATES', 'CIGARETTES', 'ECONOMY - MEAT']"
41259575127,"['TOILET TISSUE', 'DAIRY CASE FRUIT DRINKS (NO JU']"
41259714272,"['BAKING POWDER & SODA', 'HOT DOG BUNS', 'ONIONS YELLOW (BULK&BAG)', 'SOFT DRINKS 12/18&15PK CAN CAR', 'MAINSTREAM WHEAT/MULTIGRAIN BR', 'ECONOMY - MEAT', 'HOT DOG CHILI SAUCE']"
41297504113,['SOFT DRINKS 12/18&15PK CAN CAR']
41297504119,"['POTATOES RUSSET (BULK&BAG)', 'BETTER FOR YOU']"
41324594253,['MAINSTREAM WHITE BREAD']
41337990813,['GASOLINE-REG UNLEADED']
41338139529,"['BOLOGNA', 'BOLOGNA']"
41366272699,"['COOKIES: HOLIDAY/SPECIAL OCCAS', 'FLUID MILK WHITE ONLY', 'MEAT: LUNCHMEAT BULK']"
41366508377,"['BOLOGNA', 'SOFT DRINKS 12/18&15PK CAN CAR']"
41366508389,"['DRY CAT FOOD ECONOMY (COST CUT', 'DRY CAT FOOD ECONOMY (COST CUT']"
41366510591,"['MACARONI & CHEESE DNRS', 'SOFT DRINKS 12/18&15PK CAN CAR']"
41400801240,['GASOLINE-REG UNLEADED']
41413403567,"['SOFT DRINKS 12/18&15PK CAN CAR', 'TRADITIONAL', 'SFT DRNK 2 LITER BTL CARB INCL', 'VEGETABLE SALADS - PREPACK', 'HAMBURGER BUNS', 'SOFT DRINKS 12/18&15PK CAN CAR', 'SEASONAL MISCELLANEOUS', 'ICE CREAM TOPPINGS', 'PORK-FULLY COOKED', 'SNACK CAKE - MULTI PACK', 'POTATO CHIPS', 'SNACK CAKE - MULTI PACK']"
41426491095,"['SOFT DRINKS 12/18&15PK CAN CAR', 'CHEWING GUM']"
41466678001,"['SPAGHETTI DRY', 'SFT DRNK 2 LITER BTL CARB INCL', 'MAINSTREAM WHEAT/MULTIGRAIN BR', 'SFT DRNK 2 LITER BTL CARB INCL', 'MAINSTREAM WHITE BREAD', 'SHREDDED CHEESE', 'TOMATO SAUCE', 'SOUP CRACKERS (SALTINE/OYSTER)', 'VARIETY BEANS - KIDNEY PINTO', 'GRATED CHEESE', 'SOUP CRACKERS (SALTINE/OYSTER)', 'SAUCE MIXES GRAVY MIXES DRY', 'LIQUID DISH DETERGENT', 'SFT DRNK 2 LITER BTL CARB INCL', 'BOLOGNA', 'BANANAS']"
41466678021,['SEASONAL MISCELLANEOUS']
41466678045,['GASOLINE-REG UNLEADED']
41479679076,"['POTATOES: DRY', 'FRZN BAGGED VEGETABLES - PLAIN', 'SOFT DRINKS 12/18&15PK CAN CAR', 'PRIMAL', 'SOFT DRINKS 6PK/4PK CAN CARB (', 'FROZEN CREAM PIES', 'MAINSTREAM WHITE BREAD', 'CONES', 'SFT DRNK 2 LITER BTL CARB INCL', 'PREPARED BEANS - BAKED W/PORK', 'FROZEN CREAM PIES', 'SOFT DRINKS SINGLE CANS CARB (', 'SOFT DRINKS 12/18&15PK CAN CAR', 'CHIX:FRD 8PC/CUT UP (HOT)']"
41479679100,"['GRND/PATTY - FROZEN', 'CIGARETTES']"
41493108690,['GASOLINE-REG UNLEADED']
41532082929,"['ALL FAMILY CEREAL', 'CANDY BARS (MULTI PACK)', 'ALL FAMILY CEREAL', 'BOLOGNA', 'BETTER FOR YOU', 'SEASONAL CANDY BAGS-CHOCOLATE', 'MAINSTREAM WHITE BREAD', 'ENHANCED', 'FLUID MILK WHITE ONLY', 'NATURAL CHEESE EXACT WT CHUNKS', 'POTATOES RUSSET (BULK&BAG)', 'BANANAS']"
41587532780,"['SOFT DRINKS 12/18&15PK CAN CAR', 'CIGARETTES', 'SOFT DRINKS 12/18&15PK CAN CAR', 'ADULT ANALGESICS', 'CIGARETTES']"
41665820399,['TAPE & MAILING PRODUCTS']
42158906144,"['BEERALEMALT LIQUORS', 'PAPERBACK BOOKS', 'SPICES & SEASONINGS', 'CHOCOLATE MILK', 'POTATO CHIPS', 'SFT DRNK SNGL SRV BTL CARB (EX', 'REGULAR GARDEN', 'CROUTONS SALAD TOPPERS BREAD', 'SHREDDED CHEESE', 'CIGARETTES', 'CAN DOG FOOD (SKIPPY/PEDIGREE/', 'COOKIES: GOURMET', 'POTATO CHIPS', 'PAPERBACK BOOKS', 'YOGURT MULTI-PACKS', 'DRY DOG VALUE (PET PRIDE/KLR/G', 'APPLES RED DELICIOUS (BULK&BAG', 'MEAT: TURKEY BULK', 'COTTAGE CHEESE']"
42211691679,"['TOMATO SAUCE', 'FRUIT BOWL AND CUPS', 'TOMATO PASTE', 'COLD AND FLU - DXM', 'MISC. BATH PRODUCTS', 'ANTI-ACIDS', 'FRUIT BOWL AND CUPS', 'TOMATOES: STEWED/DICED/CRMD', 'COLD AND FLU - DXM', 'ALKALINE BATTERIES', 'REGULAR GARDEN', 'BODY WASH', 'TABLOIDS-MAGAZINE', 'SPICES & SEASONINGS', 'VARIETY BEANS - KIDNEY PINTO', 'SHREDDED CHEESE', 'SOUP CRACKERS (SALTINE/OYSTER)', 'FLUID MILK WHITE ONLY', 'LEAN', 'SOFT DRINKS 20PK&24PK CAN CARB', 'MISC. BATH PRODUCTS', 'VARIETY BEANS - KIDNEY PINTO', 'NON-CRBNTD DRNKING/MNERAL WATE', 'TRAY PACK/CHOC CHIP COOKIES', 'MAINSTREAM WHITE BREAD']"
42276680002,"['PLSTC CTLRYTBLCLTHSTTHPKSST', 'GROUND COFFEE', 'PAPER AND FOAM DRINKING CUPS']"
